nkpts,alat,energy,total_force,ecut
30.0,5.376,-149.54097963,0.002384,90.0
30.0,5.376,-186.94177735,0.001763,90.0
