nkpts,alat,energy,total_force,ecut
145.0,7.55,-12.46693392,0.0,80.0
145.0,7.56,-12.46698113,0.0,80.0
145.0,7.57,-12.46701859,0.0,80.0
145.0,7.58,-12.46704641,0.0,80.0
145.0,7.59,-12.46706473,0.0,80.0
145.0,7.6,-12.46707354,0.0,80.0
145.0,7.61,-12.46707328,0.0,80.0
145.0,7.62,-12.46706389,0.0,80.0
145.0,7.63,-12.46704553,0.0,80.0
145.0,7.64,-12.46701834,0.0,80.0
145.0,7.65,-12.4669824,0.0,80.0
