nkpts,alat,energy,total_force,ecut
145.0,7.63,-12.4659235,0.0,30.0
145.0,7.63,-12.46677859,0.0,40.0
145.0,7.63,-12.46686611,0.0,50.0
145.0,7.63,-12.46700004,0.0,60.0
145.0,7.63,-12.46704231,0.0,70.0
145.0,7.63,-12.46704553,0.0,80.0
145.0,7.63,-12.46705566,0.0,90.0
