nkpts,alat,energy,total_force,ecut
45.0,7.605,-49.71498822,1.4e-05,80.0
45.0,7.605,-99.58926085,0.000935,80.0
45.0,7.605,-149.45919157,0.001967,80.0
45.0,7.605,-199.3242109,0.001903,80.0
45.0,7.605,-249.1900116297,0.00235,80.0
45.0,7.605,-299.05922723,0.002831,80.0
45.0,7.605,-348.92718374,0.00259,80.0
