nkpts,alat,energy,total_force,ecut
45.0,7.605,-49.71498822,1.4e-05,80.0
45.0,7.605,-99.58926085,0.000935,80.0
45.0,7.605,-149.45933923,0.001973,80.0
45.0,7.605,-199.32440694,0.001902,80.0
45.0,7.605,-249.1900116297,0.00235,80.0
45.0,7.605,-299.05802073,0.002814,80.0
