nkpts,alat,energy,total_force,ecut
910.0,15.118,-2.3311903,0.000304,50.0
910.0,18.897,-2.33119147,0.000332,50.0
910.0,22.676,-2.33119186,0.000205,50.0
910.0,26.455,-2.33119195,0.000371,50.0
