ecut,nkpts,alat,energy,total_force,run_time
50.0,657.0,15.118,-2.33118727,0.00032,
50.0,910.0,15.118,-2.3311903,0.000304,
50.0,1221.0,15.118,-2.3311903,0.000304,
50.0,1596.0,15.118,-2.3311903,0.000304,
50.0,2041.0,15.118,-2.3311903,0.000304,
