nkpts,alat,energy,total_force,ecut
45.0,7.605,-99.5946252,0.001446,80.0
45.0,7.605,-99.58926085,0.000935,80.0
45.0,7.605,-99.58918681,0.001327,80.0
45.0,7.605,-99.58918901,0.00095,80.0
45.0,7.605,-99.58918515,0.004385,80.0
